PatientID,FirstName,LastName,DOB,Gender,Phone,Email,Address,City,State,ZipCode,IsVIP
1,Laura,Anderson,1999-07-05,F,2089965910,oh11@hotmail.com,581 Tbetaypb St,New York,TX,57721,0
2,Myrna,Telfer,1995-06-02,M,2666533777,pa34@yahoo.com,30 Zfzlcwrq St,New York,CA,61721,1
3,Milton,Vega,1995-11-25,F,4658946750,tl2@gmail.com,969 Myqkdgrg St,New York,IL,76635,1
4,David,Perez,1996-04-02,F,6860044952,ue96@yahoo.com,683 Llbatmna St,Houston,TX,59635,0
5,Benjamin,Feliciano,1998-02-21,F,9692282503,ot42@yahoo.com,494 Kvbjrjnu St,Boston,NY,21898,1
6,Karen,Hernandez,1973-06-23,F,,lb66@yahoo.com,149 Wotrufic St,Chicago,NY,21323,0
7,Ann,Westbrook,1976-04-06,F,8647944787,bx93@yahoo.com,397 Lxcpkgts St,San Diego,CA,71737,1
8,Joan,Clute,1960-09-24,M,6513932691,xr87@yahoo.com,,New York,TX,99653,1
9,Ernest,Bickford,1962-04-24,F,8369245604,xw78@hotmail.com,970 Awrlycpx St,Chicago,NY,28358,0
10,Eddie,Wheatley,1988-03-26,M,7847266756,eg6@hotmail.com,,,NY,21919,0
11,Willie,Merritt,1961-05-25,F,6515190786,ge53@gmail.com,236 Crczmrlb St,Boston,MA,58071,0
12,Inez,Schutt,1997-09-20,F,7739411411,to88@yahoo.com,320 Zbafryah St,Chicago,MA,73662,1
13,Dawn,Spicher,1993-09-09,M,4004163179,it8@gmail.com,915 Avfvmtpq St,Houston,MA,23896,1
14,Sharla,Batiste,1960-07-21,F,0901713926,fd95@hotmail.com,14 Tmafvmet St,,MA,21931,1
15,David,Conkling,1966-04-01,M,123,xm93@gmail.com,,Chicago,NY,97806,0
16,David,Dahl,1987-06-20,M,9087440298,rl53@gmail.com,831 Fifpazhf St,New York,NY,66231,1
17,John,Gallon,1990-05-07,F,3440904454,pe96@gmail.com,825 Knkronzm St,San Diego,TX,85867,0
18,Donna,Lampman,1966-11-18,M,,iq1@yahoo.com,351 Szrzbtmn St,Chicago,TX,77425,0
19,Richard,Garner,1976-02-04,F,8398782305,ii8@gmail.com,815 Ngerbrde St,Chicago,IL,76831,0
20,Barbara,Melton,1967-11-08,F,abcd123,jw4@gmail.com,237 Joyeewbk St,,CA,11070,1
21,Virgil,Dellinger,2007-10-22,F,1830179772,hk93@yahoo.com,936 Ychgdftz St,New York,IL,46512,0
22,Daniel,Phillips,2000-09-27,F,4466123019,ip72@yahoo.com,634 Jskwngav St,San Diego,CA,45143,1
23,Jill,Millonzi,1978-07-24,F,7150710959,gn65@yahoo.com,290 Jsjyfufd St,Boston,NY,61791,0
24,Leroy,Chandler,1978-10-23,M,2119083707,uw90@hotmail.com,554 Dhosimbo St,San Diego,IL,25495,1
25,Mary,House,1961-07-29,F,7082682335,sf33@hotmail.com,926 Qmakvein St,Houston,IL,28193,1
26,Brent,Salazar,1997-08-31,F,9933917976,ns41@gmail.com,561 Ccmmqlmx St,San Diego,CA,26028,1
27,Bonnie,Cubbage,1960-09-22,M,7816382844,dx17@yahoo.com,944 Glzruero St,Chicago,CA,17446,1
28,Ronnie,Hoke,1966-07-28,M,8682023042,qx36@hotmail.com,239 Whiriybc St,,CA,15141,0
29,Donald,Parenti,1966-09-30,M,3018399344,rw30@hotmail.com,526 Yaycgpol St,New York,CA,32577,0
30,Janelle,Aleman,1965-01-04,M,9648919018,mu40@gmail.com,86 Iuhyjiyd St,San Diego,CA,10377,0
31,Jose,Mcintyre,1968-02-13,M,3627260129,id57@hotmail.com,,New York,NY,73989,0
32,Marie,Ivey,1970-05-19,F,0886297262,qj22@yahoo.com,92 Zgmcxvns St,New York,TX,15673,0
33,Marvin,Johnson,1969-03-20,F,5418164694,nv80@hotmail.com,314 Dfihspbj St,Houston,IL,49942,1
34,David,Crouch,1981-12-07,F,6966439555,zu60@hotmail.com,54 Nscopvxa St,San Diego,TX,61711,1
35,Celestina,Wenrich,1993-05-19,F,9194215825,fn66@gmail.com,204 Ufdmnjht St,Houston,NY,70087,1
36,Thomas,Peacock,1976-07-27,F,9990557679,ni71@hotmail.com,186 Qvkoubmh St,Chicago,MA,86769,0
37,Albert,Verble,2007-02-08,F,0652068031,sv39@gmail.com,,Houston,TX,28559,0
38,Jamison,Wilson,1983-05-07,M,2513864546,ee83@hotmail.com,583 Fxlqoxgp St,New York,TX,48813,0
39,Tiera,Backer,1992-08-31,F,0345188094,ud72@hotmail.com,344 Zpytkmkl St,San Diego,TX,15083,1
40,Desiree,Vassallo,1987-01-17,M,4343593634,xz72@yahoo.com,,San Diego,MA,25237,1
41,Dorothy,Melvin,2004-01-14,M,2536484274,mp8@yahoo.com,,Houston,TX,08377,0
42,Howard,Murphy,1974-07-08,M,123,nh45@gmail.com,178 Diazcupp St,New York,TX,27287,1
43,Gwendolyn,Mayville,1964-02-19,F,9235636557,cj27@gmail.com,277 Vxycjjuo St,San Diego,CA,31384,0
44,Edwin,Ashford,2007-09-14,F,3143158539,va53@yahoo.com,721 Osbjnklw St,Boston,CA,76996,1
45,Raymond,Velovic,1970-01-08,M,5158093450,ll23@gmail.com,546 Yqtzjcip St,Chicago,TX,27417,1
46,Nichole,Woods,2002-03-16,F,9095241739,cx93@yahoo.com,,Houston,IL,83639,0
47,Douglas,Murgia,1976-08-12,M,5079529078,tg69@yahoo.com,14 Ipkwmodv St,,MA,79943,1
48,Mary,Stringham,1997-09-07,M,9976984294,df24@gmail.com,108 Yscjstbj St,Houston,NY,16481,0
49,Scott,Melendez,1999-08-01,M,9063885805,ig97@hotmail.com,382 Wpaegztj St,New York,MA,51427,1
50,William,Martinez,1988-02-05,F,5217800839,xz21@gmail.com,729 Tosnpkfs St,,CA,22470,0
51,Nancy,Smith,2001-03-26,M,,wk83@gmail.com,734 Sezfcklq St,Chicago,CA,94179,0
52,Joseph,Morrison,1976-04-04,M,9198973673,jd52@hotmail.com,822 Mbqpczzb St,Chicago,CA,24124,1
53,Teresa,Omoyosi,2005-12-14,M,5119655174,ak38@yahoo.com,867 Dhpckqry St,Houston,MA,59800,1
54,Marjorie,Perry,1961-12-01,F,1838056397,at94@hotmail.com,650 Ysgqanct St,Chicago,CA,71551,0
55,Harold,Wright,1973-02-01,F,9714899815,lv23@gmail.com,528 Ygsyyihm St,San Diego,MA,27721,0
56,Antone,Whedbee,2005-12-08,F,0499435579,zi27@hotmail.com,567 Qyilbweo St,Houston,NY,41131,0
57,Karen,Crossley,1995-11-24,M,0403179929,ly7@gmail.com,410 Fncnoens St,Boston,TX,04806,0
58,Laura,Cole,1982-11-15,F,9321927447,ue37@hotmail.com,119 Krwbampy St,San Diego,IL,32759,0
59,Phyllis,Farrow,2008-11-29,F,6248725919,zt8@gmail.com,942 Pamlkpig St,Boston,TX,15305,0
60,Berneice,Dekker,1972-11-12,M,9368441204,qo79@gmail.com,147 Apaggqdk St,,IL,99912,0
61,Amy,Mercado,1960-06-20,M,0695117875,fz30@hotmail.com,707 Gxgvftvw St,San Diego,MA,19566,1
62,Shawn,Moore,1964-08-15,F,2950021368,fw9@gmail.com,118 Jlxzciig St,Boston,NY,27930,1
63,Alexander,Mckinney,1983-02-04,M,2050660297,fo19@gmail.com,251 Fywroqcw St,Boston,MA,73443,0
64,James,Wicks,2009-09-03,F,9672125557,pr85@gmail.com,955 Qkhjcyii St,,TX,95150,0
65,Martha,Ogden,1964-02-04,M,2369781087,ta80@yahoo.com,770 Rcbgkgrv St,Chicago,MA,72945,1
66,Reggie,Tousignant,1965-04-13,M,7742717713,kk37@hotmail.com,426 Kywsradh St,Houston,MA,51988,1
67,Lala,Copper,1988-02-27,M,,dn57@hotmail.com,653 Vnevzisr St,Boston,TX,47433,0
68,William,Blankenship,1976-04-15,M,9293713275,cc22@yahoo.com,80 Edvoqkkb St,San Diego,CA,19709,1
69,Alexander,Mckenzie,1971-06-03,M,123,lm76@gmail.com,,Houston,TX,30695,0
70,David,Clark,1977-02-21,F,7091828775,kt71@yahoo.com,307 Wrriscdy St,Chicago,TX,43848,0
71,Elsie,Bensman,1979-06-07,F,7531213069,qs2@yahoo.com,752 Ljjkyxsa St,New York,TX,38956,0
72,Kathryn,Miller,1991-04-22,M,3492223561,tu11@yahoo.com,340 Hbwzuhhg St,,NY,99742,0
73,Constance,Kolodziej,2000-04-04,F,4452954902,iv43@gmail.com,761 Dhhhrzqg St,San Diego,CA,47138,0
74,Robert,Hayden,1969-08-17,M,1919028740,qe77@hotmail.com,952 Cgmumehm St,New York,CA,07315,0
75,Zackary,Arnold,1991-09-05,M,0143224769,tz38@hotmail.com,496 Pnbjzigq St,Boston,TX,67846,0
76,Gary,Kenney,2001-09-15,F,4191347979,or18@gmail.com,965 Ayikzquv St,Houston,CA,38177,0
77,Lucille,Jackson,1981-08-01,M,3927912570,ha87@hotmail.com,301 Xqccljfb St,Boston,TX,47161,0
78,Michael,Aguilar,1992-05-08,M,3166572897,ra8@hotmail.com,532 Qlutmbpr St,Chicago,CA,27373,1
79,Deborah,Parker,1965-07-04,M,8938202972,bs10@hotmail.com,486 Nkrqdphe St,Houston,NY,16905,1
80,Sara,Davy,1982-10-06,F,4363259318,dg64@gmail.com,91 Wxbgxtnx St,New York,MA,44545,0
81,Manuel,Gilpatrick,1995-10-25,M,3971892883,vq44@gmail.com,934 Yhcllfps St,Chicago,CA,21711,0
82,Charles,Luyando,1983-11-25,F,6659960100,ji73@yahoo.com,393 Lnhqkmih St,,NY,17322,0
83,Jolene,Jones,1993-09-12,M,8922717406,nz33@hotmail.com,,San Diego,CA,73629,1
84,Monique,Orr,1974-03-22,M,9819504998,bk68@hotmail.com,183 Vdatahwe St,Boston,MA,15895,0
85,Jerome,Ferrell,2007-04-20,F,8352400004,rf35@yahoo.com,719 Mkfbnupi St,New York,IL,48455,1
86,Jason,Crockett,1993-11-08,F,,ue38@hotmail.com,60 Cguajqav St,Houston,CA,64841,0
87,Kenneth,Keyser,1994-02-13,F,2319281963,hu40@gmail.com,764 Ufyyrxoe St,Houston,MA,92053,0
88,Christian,Freeman,1994-01-21,M,8966008153,wf95@hotmail.com,734 Hezqillu St,New York,NY,53332,0
89,Bruce,Sandoval,1967-06-14,F,4497144576,ev27@yahoo.com,405 Fijojfby St,Houston,NY,90829,0
90,Emma,Weisinger,1980-08-19,F,9592160538,ih89@hotmail.com,862 Caqgwzoc St,Houston,MA,43391,0
91,Gary,Lozano,2005-07-13,M,9873565934,uz48@yahoo.com,138 Ibkpluha St,Houston,NY,69269,1
92,Majorie,Bridgham,1986-01-25,F,1094499907,zc28@hotmail.com,233 Pkdkxnmh St,New York,NY,72348,1
93,Bonnie,Standley,1968-09-06,F,4124973000,yw86@gmail.com,798 Whxatdgk St,San Diego,TX,42461,0
94,Sara,Reuter,1962-08-11,F,9580807254,hi77@yahoo.com,796 Lcshrtqu St,Boston,TX,78549,0
95,Elvira,Brown,2007-03-18,M,,sq10@yahoo.com,372 Sbbqgjis St,Boston,NY,99254,1
96,John,Sims,1986-02-16,F,0179171265,qb43@gmail.com,864 Lirttvst St,Houston,CA,62136,0
97,Delma,Brennan,1966-10-31,F,123,sa32@gmail.com,61 Qrrftfeo St,Boston,MA,60179,1
98,Ofelia,Larson,1980-04-07,M,5257072660,ti94@gmail.com,861 Lwudexpg St,New York,NY,31452,1
99,Minerva,Stacey,1963-10-28,F,7937900905,tk89@yahoo.com,55 Rptazqif St,,TX,45926,0
100,Jason,Burney,1993-05-15,M,8638091304,hh96@gmail.com,527 Hghwhmyn St,New York,NY,84107,0
